Unnamed: 0,Unnamed: 1,Unnamed: 2,Unnamed: 3,Unnamed: 4,Unnamed: 5,Unnamed: 6,Unnamed: 7,Unnamed: 8,Unnamed: 9,Unnamed: 10,Unnamed: 11,Unnamed: 12,Unnamed: 13,Unnamed: 14,Unnamed: 15,Unnamed: 16,Unnamed: 17,Unnamed: 18,Unnamed: 19,Unnamed: 20,Unnamed: 21,Unnamed: 22,Unnamed: 23
"Retour au menu ""Public des salles de cinéma""",,,,,,,,,,,,,,,,,,,,,,,
,,,,,,,,,,,,,,,,,,,,,,,
,,,,,,,,,,,,,,,,,,,,,,,
Population cinématographique ,,,,,,,,,,,,,,,,,,,,,,,
(6 ans et plus),,,,,,,,,,,,,,,,,,,,,,,
,,,,,,,,,,,,,,,,,,,,,,,
Population cinématographique,,,,,,,,,,,,,,,,,,,,,,,
,,,,,,,,,,,,,,,,,,,,,,,
,1993,1994.0,1995.0,1996.0,1997.0,1998.0,1999.0,2000.0,2001.0,2002.0,2003.0,2004.0,2005.0,2006.0,2007.0,2008.0,2009.0,2010.0,2011.0,2012.0,2013.0,2014.0,2015.0
millions d'individus,29.3,29.9,29.617,29.622,30750000.0,33629000.0,31670000.0,31769000.0,33375000.0,33293000.0,32348000.0,33064000.0,33204000.0,34823000.0,34593000.0,36421000.0,36230000.0,38620000.0,39944000.0,37984000.0,37647000.0,39154000.0,39093000.0
en % de la population totale,51.8,56.4,55.5,55.3,57.1,62.2,58.3,58.4,61.4,59.9,59.0,59.6,59.9,61.8,61.05042090958827,63.66528571678292,63.10527415871247,66.89994456762749,68.8,65.14595410420883,64.30328288866875,66.55221648082676,65.97306601863102
,,,,,,,,,,,,,,,,,,,,,,,
,,,,,,,,,,,,,,,,,,,,,,,
Entrées selon le rythme de fréquentation,,,,,,,,,,,,,,,,,,,,,,,
,,,,,,,,,,,,,,,,,,,,,,,
Entrées (%),1993,1994.0,1995.0,1996.0,1997.0,1998.0,1999.0,2000.0,2001.0,2002.0,2003.0,2004.0,2005.0,2006.0,2007.0,2008.0,2009.0,2010.0,2011.0,2012.0,2013.0,2014.0,2015.0
assidus,20.6,29.8,21.6,25.3,27.0,23.8,29.8,27.8,27.7,29.3,28.9,27.7,25.5,24.0,23.3,21.0,21.56,23.267,21.52,26.34,23.4,25.6,24.84
réguliers,43.7,46.4,47.1,47.8,47.8,51.3,47.0,47.6,50.2,47.7,47.8,47.8,51.0,47.3,46.1,47.3,47.95,48.6,48.24,44.74,50.4,45.7,45.84
occasionnels,35.7,23.8,31.3,26.9,25.2,24.9,23.2,24.6,22.1,23.0,23.3,24.5,23.5,28.7,30.6,31.7,30.5,28.1,30.2,28.9,26.2,28.7,29.3
total,100.00000000000001,100.0,100.0,100.0,100.0,100.0,100.0,100.0,100.0,100.0,99.99999999999999,100.0,100.0,100.0,100.0,100.0,100.01,99.96700000000001,99.96000000000001,99.97999999999999,100.0,100.00000000000001,99.98
,,,,,,,,,,,,,,,,,,,,,,,
,,,,,,,,,,,,,,,,,,,,,,,
Public selon le rythme de fréquentation,,,,,,,,,,,,,,,,,,,,,,,
,,,,,,,,,,,,,,,,,,,,,,,
Public (%),1993,1994.0,1995.0,1996.0,1997.0,1998.0,1999.0,2000.0,2001.0,2002.0,2003.0,2004.0,2005.0,2006.0,2007.0,2008.0,2009.0,2010.0,2011.0,2012.0,2013.0,2014.0,2015.0
assidus,4.2,4.2,3.9,3.9,4.7,4.7,4.4,4.1,4.9,3.9,4.9,4.5,4.5,3.6,3.8,3.1,3.9,3.9,5.0,3.3,3.8,3.7416355927874547,3.6
réguliers,29.7,28.4,30.7,29.7,34.6,31.8,33.1,34.6,36.24,32.2,33.8,32.2,33.0,31.2,28.7,28.2,30.0,30.5,32.1,29.0,29.6,28.533483169024876,29.9
occasionnels,66.1,67.4,65.4,66.4,60.7,63.5,62.5,61.3,58.84,63.9,61.3,63.3,62.5,65.2,67.5,68.6,66.1,65.6,62.9,67.7,66.6,67.7223272207182,66.5
total,100,100.0,100.0,100.0,100.0,100.0,100.0,100.0,99.98,100.0,100.0,100.0,100.0,100.0,100.0,99.89999999999999,100.0,100.0,100.0,100.0,100.0,99.99744598253054,100.0
"Source : CNC - Médiamétrie, enquête 75 000 Cinéma.",,,,,,,,,,,,,,,,,,,,,,,
,,,,,,,,,,,,,,,,,,,,,,,
,,,,,,,,,,,,,,,,,,,,,,,
,,,,,,,,,,,,,,,,,,,,,,,
Fréquentation cinématographique selon l'âge,,,,,,,,,,,,,,,,,,,,,,,
(6 ans et plus),,,,,,,,,,,,,,,,,,,,,,,
,,,,,,,,,,,,,,,,,,,,,,,
Population (%),1993,1994.0,1995.0,1996.0,1997.0,1998.0,1999.0,2000.0,2001.0,2002.0,2003.0,2004.0,2005.0,2006.0,2007.0,2008.0,2009.0,2010.0,2011.0,2012.0,2013.0,2014.0,2015.0
6 - 10 ans,7.3,7.2,7.2,7.1,7.0,6.8,6.7,6.6,6.5,6.54,6.5,6.6,6.6,6.7,6.9,6.7,6.7,6.7,6.7,6.6,6.7,6.700435137340223,6.7
11 - 14 ans,5.9,5.8,5.7,5.7,5.7,5.7,5.6,5.7,5.6,5.64,5.4,5.2,5.2,5.1,5.0,5.2,5.2,5.2,5.3,5.5,5.4,5.400122382376938,5.4
15 - 19 ans,7.7,7.1,7.2,7.3,7.2,7.2,7.2,7.0,7.0,7.0,7.1,7.0,7.0,6.8,6.6,6.5,6.4,6.4,6.3,6.4,6.4,6.499864019581181,6.4
20 - 24 ans,7.9,7.6,7.2,7.0,6.6,6.6,6.6,6.8,6.8,6.84,6.8,6.7,6.7,6.6,6.6,6.8,6.6,6.5,6.4,6.2,6.1,5.799564862659777,5.9
25 - 34 ans,16,15.9,15.9,15.9,15.8,15.5,15.3,15.0,14.5,14.34,14.1,14.1,14.1,13.8,13.5,13.3,13.3,13.3,13.3,13.1,13.1,12.999728039162362,12.8
35 - 49 ans,22.6,23.9,23.8,23.7,23.6,23.6,23.5,23.5,23.3,23.3,23.0,23.0,23.0,22.8,22.9,22.4,22.3,22.0,21.8,21.7,21.4,21.299632852869188,21.04
50 - 59 ans,11,10.4,10.9,11.3,11.9,12.3,12.7,13.3,13.9,13.9,14.4,14.7,14.7,14.5,14.4,14.4,14.3,14.3,14.2,14.2,14.2,14.199755235246126,14.3
60 ans et plus,21.6,22.1,22.1,22.0,22.2,22.3,22.4,22.1,22.4,22.4,22.7,22.7,22.7,23.7,24.1,24.7,25.2,25.6,26.0,26.3,26.7,27.099197715528966,27.44
total,100,100.0,100.0,100.0,100.00000000000001,100.0,100.0,100.0,100.0,99.96000000000001,100.0,100.0,100.0,100.0,100.0,100.0,100.0,100.0,100.0,100.0,100.0,99.99830024476475,99.98
,,,,,,,,,,,,,,,,,,,,,,,
,,,,,,,,,,,,,,,,,,,,,,,
Taux de pénétration (%),1993,1994.0,1995.0,1996.0,1997.0,1998.0,1999.0,2000.0,2001.0,2002.0,2003.0,2004.0,2005.0,2006.0,2007.0,2008.0,2009.0,2010.0,2011.0,2012.0,2013.0,2014.0,2015.0
6 - 10 ans,79.1,84.1,81.1,80.6,74.9,73.6,79.4,79.4,76.4,83.4,79.6,78.9,80.0,80.3,80.9,74.0,80.5,81.4,78.2,80.6,82.2,76.78843226788432,84.3
11 - 14 ans,81.8,84.6,85.0,85.1,85.5,86.9,82.6,81.3,88.9,89.3,87.0,85.3,88.0,85.9,82.4,83.0,83.3,87.0,89.5,78.6,86.1,85.93012275731823,85.1
15 - 19 ans,90.9,85.6,89.2,88.2,86.9,89.6,89.5,91.3,90.7,86.0,90.6,88.0,92.1,92.1,88.8,92.6,92.0,93.4,91.9,88.7,89.1,91.0041841004184,90.5
20 - 24 ans,85,88.2,85.2,86.2,88.4,87.2,87.0,88.7,92.5,86.3,90.9,86.4,86.7,81.3,81.5,83.7,83.8,88.5,90.9,83.7,85.4,88.30597889800703,87.3
25 - 34 ans,59.1,64.2,61.6,59.7,63.4,71.5,68.3,64.5,66.0,65.7,63.0,66.4,65.5,64.1,66.3,62.4,68.7,69.8,71.5,69.2,66.6,74.3331589958159,70.7
35 - 49 ans,51,52.6,51.1,55.1,54.3,62.0,59.0,57.6,61.4,63.3,57.3,58.1,58.4,60.5,57.4,63.9,63.2,66.2,67.1,64.4,66.8,65.81278429494853,68.5
50 - 59 ans,37.2,37.4,39.9,34.1,51.7,49.7,42.8,46.5,52.2,47.3,45.7,45.5,47.1,54.4,50.0,58.3,51.6,59.9,57.6,58.1,54.5,56.41608810150826,54.4
60 ans et plus,27.7,27.0,27.0,26.4,26.5,36.6,28.8,30.5,34.2,35.3,34.6,38.0,36.0,41.7,44.9,47.3,45.0,49.9,57.3,50.8,46.7,51.79702690836103,49.2
total,55.4,56.4,55.5,55.3,57.1,62.2,58.3,58.4,61.4,61.0,59.0,59.6,59.9,61.8,61.1,63.7,63.1,66.9,68.81201764057332,65.14595410420883,64.30328288866875,66.55221648082676,65.97306601863102
,,,,,,,,,,,,,,,,,,,,,,,
,,,,,,,,,,,,,,,,,,,,,,,
Structure du public (%),1993,1994.0,1995.0,1996.0,1997.0,1998.0,1999.0,2000.0,2001.0,2002.0,2003.0,2004.0,2005.0,2006.0,2007.0,2008.0,2009.0,2010.0,2011.0,2012.0,2013.0,2014.0,2015.0
6 - 10 ans,10.5,10.7,10.6,10.4,9.2,8.1,9.1,9.0,8.1,8.9,8.8,8.7,8.8,8.7,9.2,7.8,8.56,8.1,7.56,8.2,8.6,7.7,8.6
11 - 14 ans,8.7,8.7,8.7,8.8,8.5,8.0,7.9,7.9,8.1,8.1,7.9,7.4,7.6,7.1,6.7,6.8,6.86,6.8,6.85,6.6,7.2,7.0,7.0
15 - 19 ans,12.6,10.8,11.6,11.6,11.0,10.4,11.0,10.9,10.3,9.85,10.9,10.3,10.8,10.1,9.6,9.5,9.3,8.9,8.4,8.7,8.9,8.9,8.8
20 - 24 ans,12.1,11.9,11.0,10.9,10.2,9.3,9.8,10.3,10.3,9.7,10.5,9.7,9.7,8.7,8.8,8.9,8.8,8.6,8.5,8.0,8.1,7.7,7.8
25 - 34 ans,17.1,18.1,17.6,17.2,17.6,17.8,17.9,16.6,15.6,15.35,15.1,15.7,15.4,14.3,14.7,13.0,14.5,13.9,13.8,13.9,13.6,14.5,13.7
35 - 49 ans,20.8,22.3,21.9,23.6,22.5,23.5,23.9,23.2,23.3,24.1,22.4,22.5,22.4,22.3,21.5,22.5,22.3,21.8,21.3,21.4,22.2,21.1,21.84
50 - 59 ans,7.4,6.9,7.8,7.0,10.7,9.8,9.3,10.6,11.8,11.0,11.15,11.2,11.6,12.8,11.8,13.2,11.7,12.8,11.9,12.7,12.0,12.0,11.8
60 ans et plus,10.8,10.6,10.8,10.5,10.3,13.1,11.1,11.5,12.5,13.0,13.25,14.5,13.7,16.0,17.7,18.3,18.0,19.1,21.7,20.5,19.4,21.1,20.44
total,100,100.0,100.0,100.0,100.0,99.99999999999999,99.99999999999999,99.99999999999999,100.0,100.0,100.0,100.0,99.99999999999999,99.99999999999999,100.0,100.0,100.02000000000001,100.0,100.01,100.0,100.0,100.0,99.97999999999999
,,,,,,,,,,,,,,,,,,,,,,,
,,,,,,,,,,,,,,,,,,,,,,,
Structure des entrées (%),1993,1994.0,1995.0,1996.0,1997.0,1998.0,1999.0,2000.0,2001.0,2002.0,2003.0,2004.0,2005.0,2006.0,2007.0,2008.0,2009.0,2010.0,2011.0,2012.0,2013.0,2014.0,2015.0
6 - 10 ans,5.7,5.8,6.5,5.3,5.533920885427341,5.0,6.7,5.2,4.6,6.3,4.4,5.1,4.6,6.5,6.8,5.9,5.16,6.264,4.9,4.8,6.4,6.3,5.941459152468327
11 - 14 ans,7.2,7.9,7.6,6.9,7.604017216642754,6.9,6.8,6.5,7.6,7.2,7.1,7.0,6.3,6.3,5.7,5.4,7.66,5.828,6.4,4.7,5.2,5.6,5.198776758409786
15 - 19 ans,16,14.8,13.8,12.4,12.359089977454396,14.1,12.3,13.0,12.0,11.5,15.1,13.2,13.1,11.8,12.7,11.9,12.7,10.647,8.5,11.1,8.9,9.6,9.82961992136304
20 - 24 ans,19.3,20.5,19.0,18.3,16.868210698913714,15.9,16.5,17.4,15.1,14.0,14.2,13.6,14.5,11.9,14.2,13.1,12.7,13.607,12.0,11.6,10.9,8.9,9.414591524683267
25 - 34 ans,18.5,18.9,19.1,19.5,20.516499282639884,18.1,17.6,18.2,16.7,16.4,16.5,14.7,15.0,13.9,12.3,14.0,12.5,13.446,14.3,17.5,13.75,14.1,14.307557885539538
35 - 49 ans,19,20.1,20.5,20.9,20.864931338389013,21.3,20.5,20.1,20.4,20.6,20.5,20.1,19.1,22.0,20.0,19.4,18.2,19.137,19.7,17.3,19.5,18.9,17.38750546089996
50 - 59 ans,5.8,5.2,5.3,7.4,8.23939331830293,8.8,9.5,9.1,11.5,11.84,10.8,13.4,13.2,12.7,13.2,12.3,11.8,10.601,11.1,10.6,11.85,13.2,11.8173875054609
60 ans et plus,8.5,6.8,8.2,9.3,8.013937282229964,9.9,10.1,10.5,12.1,12.14,11.4,12.9,14.2,14.9,15.1,18.0,19.3,20.468,23.1,22.4,23.5,23.4,26.103101791175188
total,100,100.0,100.0,100.00000000000001,99.99999999999999,100.0,100.0,100.0,100.0,99.98,100.0,100.0,100.0,100.00000000000001,100.0,100.0,100.02,99.998,100.0,100.0,100.0,100.0,100.0
,,,,,,,,,,,,,,,,,,,,,,,
,,,,,,,,,,,,,,,,,,,,,,,
Nombre moyen d'entrées,1993,1994.0,1995.0,1996.0,1997.0,1998.0,1999.0,2000.0,2001.0,2002.0,2003.0,2004.0,2005.0,2006.0,2007.0,2008.0,2009.0,2010.0,2011.0,2012.0,2013.0,2014.0,2015.0
6 - 10 ans,2.5,1.8,2.7,2.4,2.901775492221495,3.1418098590447436,3.6,3.0,3.2,3.9,2.7,3.4,2.7,4.0,3.8165354458712417,3.9,3.35181262638437,4.105141927069464,3.4901456194312677,3.148389167416701,3.84263160016674,4.349110780971258,3.6444871694336007
11 - 14 ans,3.8,3.0,3.8,3.6,4.292680596502432,4.379549801186651,4.2,4.3,5.2,4.8,4.8,5.5,4.3,4.8,4.334466387802249,4.1,6.195568152444136,4.604395088261717,5.035123093645584,3.793488500002528,3.6982973686370557,4.2864496,3.9194356277947904
15 - 19 ans,5.8,4.6,5.2,4.9,5.42935504438734,6.875714199402006,5.5,6.2,6.5,6.5,7.5,7.5,6.4,6.3,6.788984537029998,6.6,7.5567774749171885,6.366137857798965,5.478881255586875,6.8225312627121095,5.16092710266042,5.764535668965518,5.879682289818526
20 - 24 ans,7.3,5.8,7.5,7.7,7.947596215045319,8.68641302251234,8.3,8.8,8.2,8.0,7.3,8.2,7.8,7.4,8.270748216814015,7.6,8.044822769276129,8.454372765088879,7.697796254482462,7.79950410828976,6.918854351474785,6.172530103551278,6.33258333540557
25 - 34 ans,4.9,3.5,4.7,5.2,5.629103662057616,5.134417838933078,4.8,5.7,6.0,5.9,5.9,5.5,5.1,5.3,4.305422879801222,5.6,4.7929439366554565,5.176803476265207,5.611867104019697,6.735763155674147,5.211377930792077,5.182758652242744,5.47749280111139
35 - 49 ans,4.2,3.0,4.1,4.1,4.476777310686872,4.576559032830023,4.3,4.5,4.9,4.7,4.9,5.3,4.5,5.3,4.7669502646127695,4.5,4.524287145335672,4.696440469387145,5.025927685380579,4.319432099197081,4.510656667729673,4.788926276464168,4.179714902724601
50 - 59 ans,3.6,2.5,3.3,4.9,3.679587018324613,4.526883708902021,5.0,4.5,5.4,6.1,5.2,7.0,6.0,5.4,5.743801657754325,4.9,5.602695017234804,4.423434590988761,5.064553627288903,4.482987603302868,5.0632445023962624,5.8525998676002535,5.262986146545271
60 ans et plus,3.6,2.1,3.3,4.1,3.751965004823427,3.811299406011182,4.5,4.8,5.4,5.2,4.6,5.3,5.5,5.0,4.371913529227043,5.1,5.962727585479799,5.726780433929893,5.78646103627323,5.849984386940967,6.232110089362586,5.92124894792928,6.6986701687712085
total,4.6,3.3,4.4,4.6,4.817462226413867,5.058440185554135,4.9,5.2,5.6,5.6,5.4,5.9,5.2,5.4,5.127631296909084,5.2,5.553390398126568,5.342454491032011,5.423313764269978,5.355976963984836,5.14235731930831,5.337078457986646,5.252497894253089
"Source : CNC - Médiamétrie, enquête 75 000 Cinéma.",,,,,,,,,,,,,,,,,,,,,,,
,,,,,,,,,,,,,,,,,,,,,,,
,,,,,,,,,,,,,,,,,,,,,,,
,,,,,,,,,,,,,,,,,,,,,,,
Fréquentation cinématographique selon le sexe ,,,,,,,,,,,,,,,,,,,,,,,
(6 ans et plus),,,,,,,,,,,,,,,,,,,,,,,
,,,,,,,,,,,,,,,,,,,,,,,
Population (%),1993,1994.0,1995.0,1996.0,1997.0,1998.0,1999.0,2000.0,2001.0,2002.0,2003.0,2004.0,2005.0,2006.0,2007.0,2008.0,2009.0,2010.0,2011.0,2012.0,2013.0,2014.0,2015.0
hommes,48.3,48.4,48.4,48.3,48.5,48.5,48.5,48.7,48.4,48.4,48.4,48.4,48.4,48.4,48.4,48.2,48.2,48.2,48.2,48.3,48.3,48.30024476475388,48.3
femmes,51.7,51.6,51.6,51.7,51.5,51.5,51.5,51.3,51.6,51.6,51.6,51.6,51.6,51.6,51.6,51.8,51.8,51.8,51.8,51.7,51.7,51.69975523524612,51.7
total,100,100.0,100.0,100.0,100.0,100.0,100.0,100.0,100.0,100.0,100.0,100.0,100.0,100.0,100.0,100.0,100.0,100.0,100.0,100.0,100.0,100.0,100.0
,,,,,,,,,,,,,,,,,,,,,,,
,,,,,,,,,,,,,,,,,,,,,,,
Taux de pénétration (%),1993,1994.0,1995.0,1996.0,1997.0,1998.0,1999.0,2000.0,2001.0,2002.0,2003.0,2004.0,2005.0,2006.0,2007.0,2008.0,2009.0,2010.0,2011.0,2012.0,2013.0,2014.0,2015.0
hommes,55.8,56.8,56.1,55.7,57.3,61.0,59.2,60.8,60.8,62.8,58.9,58.4,61.7,61.6,62.2,65.2,65.0,64.0,68.4,63.8,63.9,65.32587274774775,67.1
femmes,55.1,56.0,55.0,54.8,56.8,63.3,57.5,56.2,61.9,59.3,59.1,60.8,58.2,62.0,59.9,62.2,61.4,69.6,69.2,66.4,64.7,67.69792214623882,64.9
total,55.4,56.4,55.5,55.3,57.1,62.2,58.3,58.4,61.4,61.0,59.0,59.6,59.9,61.8,61.1,63.7,63.1,66.9,68.81201764057332,65.14595410420883,64.30328288866875,66.55221648082676,65.97306601863102
,,,,,,,,,,,,,,,,,,,,,,,
,,,,,,,,,,,,,,,,,,,,,,,
Structure du public (%),1993,1994.0,1995.0,1996.0,1997.0,1998.0,1999.0,2000.0,2001.0,2002.0,2003.0,2004.0,2005.0,2006.0,2007.0,2008.0,2009.0,2010.0,2011.0,2012.0,2013.0,2014.0,2015.0
hommes,48.6,48.8,48.9,48.7,48.7,47.6,49.2,50.7,48.0,49.8,48.3,47.4,49.9,48.2,49.3,49.4,49.6,46.1,47.9,47.3,48.0,47.4102262859478,49.1
femmes,51.4,51.2,51.1,51.3,51.3,52.4,50.8,49.3,52.0,50.2,51.7,52.6,50.1,51.8,50.7,50.6,50.4,53.9,52.1,52.7,52.0,52.5897737140522,50.9
total,100,100.0,100.0,100.0,100.0,100.0,100.0,100.0,100.0,100.0,100.0,100.0,100.0,100.0,100.0,100.0,100.0,100.0,100.0,100.0,100.0,100.0,100.0
,,,,,,,,,,,,,,,,,,,,,,,
,,,,,,,,,,,,,,,,,,,,,,,
Structure des entrées (%),1993,1994.0,1995.0,1996.0,1997.0,1998.0,1999.0,2000.0,2001.0,2002.0,2003.0,2004.0,2005.0,2006.0,2007.0,2008.0,2009.0,2010.0,2011.0,2012.0,2013.0,2014.0,2015.0
hommes,48.3,47.5,48.9,49.4,50.21520803443329,50.6,50.0,49.8,51.2,51.2,50.6,48.9,49.8,46.6,50.9,51.1,45.5,47.3,45.7,50.2,49.1,48.7,46.76714722586282
femmes,51.7,52.5,51.1,50.6,49.78479196556672,49.4,50.0,50.2,48.8,48.8,49.4,51.1,50.2,53.4,49.1,48.9,54.5,52.7,54.3,49.8,50.9,51.3,53.23285277413717
total,100,100.0,100.0,100.0,100.0,100.0,100.0,100.0,100.0,100.0,100.0,100.0,100.0,100.0,100.0,100.0,100.0,100.0,100.0,100.0,100.0,100.0,100.0
,,,,,,,,,,,,,,,,,,,,,,,
,,,,,,,,,,,,,,,,,,,,,,,
Nombre moyen d'entrées,1993,1994.0,1995.0,1996.0,1997.0,1998.0,1999.0,2000.0,2001.0,2002.0,2003.0,2004.0,2005.0,2006.0,2007.0,2008.0,2009.0,2010.0,2011.0,2012.0,2013.0,2014.0,2015.0
hommes,4.5,3.2,4.4,4.7,5.0,5.37700926759971,5.0,5.1,5.9,5.713544243247205,5.6,6.1,5.3,5.2,5.297122736930416,5.392227361614222,5.08805404656103,5.480368527814982,5.172995293268502,5.684104545079275,5.260522704416075,5.482178072833054,4.999388827023827
femmes,4.6,3.4,4.4,4.5,4.7,4.769029514825305,4.9,5.3,5.2,5.409486809390397,5.1,5.7,5.3,5.6,4.976946450492494,5.033043040628626,6.003424945296982,5.224530284779017,5.653182404328543,5.061705456657966,5.031741883408087,5.206097150891166,5.496550066626772
total,4.6,3.3,4.4,4.6,4.8,5.058440185554135,4.9,5.2,5.6,5.560461065008562,5.4,5.9,5.3,5.4,5.127631296909084,5.205980023687148,5.55227994213814,5.342561342258856,5.423313764269978,5.355976963984836,5.14235731930831,5.336987740716147,5.25144739467424
"Source : CNC - Médiamétrie, enquête 75 000 Cinéma.",,,,,,,,,,,,,,,,,,,,,,,
,,,,,,,,,,,,,,,,,,,,,,,
,,,,,,,,,,,,,,,,,,,,,,,
,,,,,,,,,,,,,,,,,,,,,,,
Fréquentation cinématographique selon la catégorie professionnelle,,,,,,,,,,,,,,,,,,,,,,,
(6 ans et plus),,,,,,,,,,,,,,,,,,,,,,,
,,,,,,,,,,,,,,,,,,,,,,,
Population (%),1993,1994.0,1995.0,1996.0,1997.0,1998.0,1999.0,2000.0,2001.0,2002.0,2003.0,2004.0,2005.0,2006.0,2007.0,2008.0,2009.0,2010.0,2011.0,2012.0,2013.0,2014.0,2015.0
CSP +,17.4,18.1,18.2,18.3,18.3,18.3,18.5,18.7,19.0,19.0,19.4,19.5,19.5,20.0,19.9,21.4,21.4,22.2,22.54,22.8,22.9,23.199959205874354,22.6
dont : cadres,5.3,6.0,5.8,5.9,5.9,6.0,6.2,6.5,6.8,6.8,6.9,7.0,7.0,6.9,6.9,7.6,7.6,8.0,8.2,8.4,8.6,8.600761490345391,8.2
            prof. intermédiaires,8.9,9.4,9.3,9.4,9.4,9.4,9.5,9.6,9.7,9.7,10.0,10.0,10.0,10.6,10.5,11.2,11.2,11.5,11.5,11.6,11.6,11.699415284199075,11.8
CSP -,29.3,28.4,28.2,28.2,28.5,28.2,28.6,28.7,28.6,28.6,28.5,28.5,28.5,27.0,26.8,27.3,27.0,26.5,26.34,25.8,25.7,25.499728039162363,25.24
dont : agriculteurs,2,1.8,1.6,1.5,1.4,1.4,1.3,1.2,1.1,1.1,1.3,1.2,1.2,1.1,1.1,1.0,1.0,0.9,0.9,0.9,0.9,0.8005847158009246,0.8
            employés,13.1,13.6,13.7,13.9,14.0,13.9,14.2,14.2,14.3,14.3,14.4,14.4,14.4,14.0,13.9,14.7,14.6,14.5,14.3,14.1,14.0,13.900598313842808,13.8
            ouvriers,14.2,13.0,12.9,12.8,13.1,12.9,13.1,13.3,13.2,13.2,12.8,12.9,12.9,11.9,11.8,11.6,11.4,11.1,11.1,10.8,10.8,10.800244764753876,10.6
inactifs,53.3,53.5,53.6,53.5,53.2,53.5,52.9,52.6,52.4,52.4,52.1,52.0,52.0,53.0,53.3,51.3,51.6,51.3,51.1,51.4,51.4,51.30031275496329,52.14
dont : retraités,16.9,17.8,18.1,18.4,18.4,18.8,19.1,19.3,19.6,19.6,19.6,19.6,19.6,20.7,21.0,20.5,20.8,21.2,21.5,21.5,21.2,21.199347293989664,21.4
"            élèves, étudiants",25.2,25.0,24.6,24.6,24.3,24.9,24.5,25.2,24.9,24.1,24.2,23.9,23.5,23.0,22.7,22.2,22.0,21.8,22.3,22.1,22.1,21.988033723143868,22.1
total,100,100.0,100.0,100.0,100.0,100.0,100.0,100.0,100.0,100.0,100.0,100.0,100.0,100.0,100.0,100.0,100.0,100.0,99.98,100.0,100.0,100.0,99.98
,,,,,,,,,,,,,,,,,,,,,,,
,,,,,,,,,,,,,,,,,,,,,,,
Taux de pénétration (%),1993,1994.0,1995.0,1996.0,1997.0,1998.0,1999.0,2000.0,2001.0,2002.0,2003.0,2004.0,2005.0,2006.0,2007.0,2008.0,2009.0,2010.0,2011.0,2012.0,2013.0,2014.0,2015.0
CSP +,66,68.3,67.1,66.2,66.6,73.1,70.8,70.1,76.1,72.5,67.9,70.4,70.5,73.7,70.8,75.0,76.0,76.0,75.5,73.8,74.1,76.03487434976921,76.9
dont : cadres,77.8,78.1,74.5,79.9,70.6,77.5,78.9,74.5,82.0,79.5,75.7,78.7,78.0,75.3,77.9,80.2,78.5,83.3,77.9,79.6,82.7,78.20158102766798,81.7
            prof. intermédiaires,68.4,69.3,67.4,60.3,70.8,74.4,73.8,73.6,74.2,72.5,68.1,71.8,70.4,75.2,72.6,73.0,76.7,74.6,75.5,74.7,74.5,75.14165334883045,74.9
CSP -,46.4,48.5,46.2,47.7,52.2,55.4,52.7,51.5,53.5,53.9,52.1,49.7,52.4,55.4,53.4,55.9,54.9,61.0,62.4,58.8,57.6,58.53886148513532,58.7
dont : agriculteurs,28.3,36.3,35.1,38.1,27.8,33.2,44.5,47.6,34.3,43.2,31.1,38.8,39.3,48.1,37.1,45.9,54.5,53.1,64.0,64.2,48.9,39.4,36.7
            employés,55.2,55.0,54.7,54.6,60.4,65.9,60.1,57.2,59.2,60.2,57.1,55.9,57.5,62.9,57.4,60.7,60.6,66.1,69.3,64.0,60.7,64.77133773538762,61.6
            ouvriers,40.9,43.1,38.6,41.3,46.9,46.6,45.5,45.8,48.8,47.9,48.5,43.8,47.9,47.1,50.1,50.7,47.6,55.0,53.5,51.5,54.4,51.92005036197671,56.5
inactifs,56.9,56.6,56.5,55.5,56.2,62.0,57.0,58.1,60.4,60.5,59.4,61.0,60.0,60.6,61.3,63.0,62.1,66.0,69.2,64.5,63.2,66.24697657466618,64.7
dont : retraités,29.4,27.4,29.1,26.3,28.3,37.4,29.4,28.4,33.1,35.1,34.4,39.2,35.1,41.1,44.5,47.7,45.1,47.7,58.4,51.2,47.0,53.97690827453496,50.1
"            élèves, étudiants",85.9,87.3,86.4,85.8,84.0,85.4,85.8,85.8,87.5,87.4,87.6,85.4,87.9,86.6,85.2,84.9,86.9,88.3,86.5,83.8,87.6,86.55689548546691,88.1
total,55.4,56.4,55.5,55.3,57.1,62.2,58.3,58.4,61.4,61.0,59.0,59.6,59.9,61.8,61.1,63.7,63.1,66.9,68.81201764057332,65.14595410420883,64.30328288866875,66.55221648082676,65.97306601863102
,,,,,,,,,,,,,,,,,,,,,,,
Structure du public (%),1993,1994.0,1995.0,1996.0,1997.0,1998.0,1999.0,2000.0,2001.0,2002.0,2003.0,2004.0,2005.0,2006.0,2007.0,2008.0,2009.0,2010.0,2011.0,2012.0,2013.0,2014.0,2015.0
CSP +,20.6,21.9,22.0,21.9,21.3,21.5,22.5,22.4,23.5,23.1,22.3,23.0,23.6,23.8,23.1,25.2,25.8,25.2,24.7,25.8,26.4,26.505593298258162,26.4
dont : cadres,7.4,8.3,7.8,8.5,7.3,7.5,8.4,8.3,9.1,9.1,8.9,9.2,9.4,8.4,8.8,9.6,9.5,10.0,9.3,10.3,11.1,10.106247126730347,10.2
            prof. intermédiaires,11,11.5,11.3,10.3,11.7,11.2,12.0,12.1,11.7,11.9,11.6,12.0,12.0,12.9,12.5,12.8,13.6,12.8,12.6,13.3,13.4,13.20937835214793,13.4
CSP -,24.6,24.4,23.5,24.3,26.3,25.1,25.8,25.3,24.9,25.2,25.2,23.7,24.1,24.2,23.4,24.0,23.5,24.2,23.9,23.3,23.0,22.42938141696889,22.4
dont : agriculteurs,1,1.2,1.0,1.0,0.7,0.7,1.0,1.0,0.6,0.8,0.7,0.8,0.8,0.9,0.7,0.7,0.9,0.7,0.8,0.9,0.7,0.5,0.5
            employés,13,13.3,13.5,13.7,14.8,14.7,14.6,13.9,13.8,14.3,14.0,13.5,13.7,14.3,13.1,14.0,14.0,14.3,14.4,13.9,13.2,13.528630535832864,12.9
            ouvriers,10.5,9.9,9.0,9.6,10.8,9.7,10.2,10.4,10.5,10.1,10.6,9.5,9.6,9.1,9.7,9.2,8.6,9.1,8.6,8.5,9.1,8.425703631812842,9.1
inactifs,54.8,53.7,54.5,53.8,52.4,53.4,51.7,52.3,51.6,51.7,52.5,53.3,52.3,52.0,53.5,50.8,50.7,50.6,51.4,50.9,50.6,51.06502528477294,51.2
dont : retraités,9,8.6,9.5,8.8,9.1,11.3,9.6,9.4,10.6,11.3,11.4,12.9,12.1,13.8,15.3,15.4,14.9,15.1,18.2,16.9,15.5,17.193645604535934,16.2
"            élèves, étudiants",39,38.7,38.9,38.2,37.2,34.2,36.6,36.9,35.5,34.3,35.9,34.2,34.0,32.3,31.6,29.5,30.2,28.7,28.0,28.4,30.0,28.597333605761865,29.5
total,100,100.0,100.0,100.0,100.0,100.0,100.0,100.0,100.0,100.0,100.0,100.0,100.0,100.0,100.0,100.0,100.0,100.0,100.0,100.0,100.0,100.0,100.0
,,,,,,,,,,,,,,,,,,,,,,,
,,,,,,,,,,,,,,,,,,,,,,,
Structure des entrées (%),1993,1994.0,1995.0,1996.0,1997.0,1998.0,1999.0,2000.0,2001.0,2002.0,2003.0,2004.0,2005.0,2006.0,2007.0,2008.0,2009.0,2010.0,2011.0,2012.0,2013.0,2014.0,2015.0
CSP +,26.1,27.4,26.7,28.4,30.1,26.1,27.9,27.5,27.9,28.8,28.0,28.4,28.6,27.8,28.7,26.3,27.7,27.489,28.34,28.0,30.9,31.2,27.697684578418524
dont : cadres,10.8,12.2,11.3,13.1,12.7,10.8,12.1,12.3,11.7,13.1,13.4,12.9,13.3,13.0,12.1,10.7,12.1,10.991,12.1,11.7,14.3,13.668754048801555,12.145041502839668
            prof. intermédiaires,12.9,12.9,13.1,12.8,14.5,12.9,18.8,13.0,13.9,13.8,12.8,13.6,13.6,12.5,14.4,13.2,13.2,13.721,13.9,13.4,14.9,14.683653638522998,14.045434687636524
CSP -,18.7,16.4,18.0,18.3,17.5,19.3,18.1,18.3,19.1,17.7,19.1,18.4,16.5,19.9,16.7,19.6,17.5,19.206,20.44,23.5,16.9,18.7,18.501529051987767
dont : agriculteurs,0.4,0.6,0.3,0.4,0.4,0.3,0.4,0.3,0.4,0.4,0.5,0.5,0.5,0.4,0.3,0.0,0.1,0.458,0.4,0.6,0.3,0.4750593824228029,0.327653997378768
            employés,10.9,10.6,11.1,11.4,10.8,12.4,11.5,11.8,11.4,10.5,11.2,11.0,9.8,13.1,10.8,12.4,11.4,13.056,12.7,14.1,10.7,12.049233426905635,11.09654871122761
            ouvriers,7.4,5.2,6.6,6.5,6.3,6.5,6.2,6.2,7.3,6.8,7.4,6.9,6.3,6.3,5.5,6.9,6.0,5.69,7.3,8.8,5.9,6.197365579788382,7.077326343381389
inactifs,55.2,56.2,55.3,53.3,52.4,54.6,54.0,54.2,53.0,53.5,52.9,53.2,54.9,52.3,54.6,54.1,54.8,53.304,51.2,48.5,52.2,50.1,53.80078636959371
dont : retraités,6.5,5.4,6.9,8.2,6.7,8.0,8.7,8.8,10.0,10.3,9.2,11.2,12.0,12.2,13.4,16.1,14.7,16.681,18.6,18.1,19.2,18.786439213992658,21.799912625600697
"            élèves, étudiants",42.8,45.6,43.1,39.2,39.8,40.6,40.3,40.6,38.1,38.4,39.0,36.8,36.1,33.9,36.7,32.7,34.2,31.78,27.5,26.6,27.4,27.294320881019217,26.758409785932724
total,100,100.0,100.0,100.0,100.0,100.0,100.0,100.0,100.0,100.0,100.0,100.0,100.0,100.0,100.0,100.0,100.0,99.999,99.98,100.0,100.0,100.0,100.0
,,,,,,,,,,,,,,,,,,,,,,,
,,,,,,,,,,,,,,,,,,,,,,,
Nombre moyen d'entrées,1993,1994.0,1995.0,1996.0,1997.0,1998.0,1999.0,2000.0,2001.0,2002.0,2003.0,2004.0,2005.0,2006.0,2007.0,2008.0,2009.0,2010.0,2011.0,2012.0,2013.0,2014.0,2015.0
CSP +,5.7,4.2,5.3,6.0,6.7938101395703185,6.132477728279996,6.1,6.4,6.6,7.091555716157563,6.7,7.3,6.6,6.3,6.381952426909165,5.434037628338514,5.966959876085214,5.823284517857375,6.214812144359438,5.806213108811607,6.021437532320449,6.282221855463479,5.521465634933498
dont : cadres,6.7,4.9,6.3,7.1,8.387330602764155,7.304439487540893,7.1,7.8,7.2,8.219320083330265,8.1,8.2,7.7,8.4,7.052722915141773,5.8215381354917355,7.105634023838236,5.894919171044596,7.069083041500124,6.1054778130291085,6.648558169172422,7.218304863767905,6.2807105848224145
            prof. intermédiaires,5.3,3.7,5.1,5.7,5.988057198215779,5.802077864881606,7.7,5.6,6.6,6.6559489861702215,6.0,6.7,6.1,5.2,5.9182672442247,5.353958222990583,5.383457125868063,5.71642791869711,5.974465139764591,5.395756676150588,5.701214783070665,5.932639475420613,5.505757091300739
CSP -,3.5,2.2,3.4,3.5,3.2126813173875326,3.88200727950844,3.5,3.8,4.3,3.8945663504610617,4.1,4.6,3.5,4.5,3.6559346151455654,4.259155988371357,4.13621070370778,4.3,4.640978476608778,5.4050159473418375,3.775082907996828,4.449595327488043,4.326391905886969
dont : agriculteurs,1.8,1.7,1.3,1.8,2.835064995215311,2.0326053100025114,2.0,1.6,3.6,2.8551188970161805,3.9,3.8,3.4,2.5,2.3030992813610265,0.0,0.642841952933792,3.4253431269947656,2.591591405675763,3.6232630267804344,2.2540590144383,5.349375848094045,3.8663850843130003
            employés,3.8,2.7,3.6,3.8,3.513786902701516,4.259574799656379,3.9,4.4,4.6,4.137113249701443,4.3,4.8,3.7,5.0,4.240871005194353,4.608478746943263,4.514192609948066,4.8687369932444735,4.7825935304088185,5.451878585608685,4.163537178599264,4.753371814988639,4.522450402026342
            ouvriers,3.2,1.7,3.2,3.1,2.821991290595706,3.397914912504774,3.0,3.1,3.9,3.647876336062428,3.8,4.3,3.2,3.8,2.9147476188746193,3.8906760521852886,3.873826452332117,3.3312117004186717,4.58748991436619,5.52049266345705,3.320662613641718,3.925519525655386,4.094120265869564
inactifs,4.6,3.5,4.4,4.6,4.816109977291059,5.179660721848098,5.1,5.4,5.7,5.7241072126854595,5.4,5.9,5.6,5.5,5.235557806122664,5.551128493527009,5.991560800384674,5.626963975072821,5.403460605343218,5.104404165453913,5.313561381699978,5.236129509752926,5.525339947788161
dont : retraités,3.3,2.1,3.2,4.3,3.533233813456746,3.5744433253361025,4.5,4.9,5.3,5.078257002071166,4.3,5.1,5.5,4.8,4.492452485854836,5.460036746835228,5.490073667415438,5.895809974575489,5.528288006500448,5.737151302297512,6.37181130311872,5.8313983016107445,7.044480008411765
"            élèves, étudiants",5,3.9,4.9,4.7,5.150846942862135,6.0035970136936285,5.5,5.7,6.0,6.183628473406979,5.8,6.3,5.5,5.7,5.945092444442733,5.753458933955204,6.267355979042239,5.900819507970323,5.320356653348204,5.011543377434005,4.680040152304748,5.093812519074241,4.761434402576306
total,4.6,3.3,4.4,4.6,4.817462226413867,5.058440185554135,4.9,5.2,5.6,5.560461065008562,5.4,5.9,5.3,5.4,5.127631296909084,5.205980023687148,5.55227994213814,5.342507916645433,5.423313764269981,5.355976963984836,5.14235731930831,5.336987740716147,5.252497894253089
"Source : CNC - Médiamétrie, enquête 75 000 Cinéma.",,,,,,,,,,,,,,,,,,,,,,,
,,,,,,,,,,,,,,,,,,,,,,,
,,,,,,,,,,,,,,,,,,,,,,,
,,,,,,,,,,,,,,,,,,,,,,,
Fréquentation cinématographique selon la zone d'habitat,,,,,,,,,,,,,,,,,,,,,,,
(6 ans et plus),,,,,,,,,,,,,,,,,,,,,,,
,,,,,,,,,,,,,,,,,,,,,,,
Population (%),1993,1994.0,1995.0,1996.0,1997.0,1998.0,1999.0,2000.0,2001.0,2002.0,2003.0,2004.0,2005.0,2006.0,2007.0,2008.0,2009.0,2010.0,2011.0,2012.0,2013.0,2014.0,2015.0
zones rurales,26.3,26.3,26.3,26.3,26.3,26.4,26.4,26.4,26.4,26.4,24.8,24.7,24.7,24.7,24.7,25.9,25.5,25.7,25.8,23.0,23.0,23.213557247756324,22.4
agglo. <20 000 hab.,16.3,16.3,16.3,16.3,16.3,16.2,16.2,16.2,16.2,16.2,16.9,16.9,16.9,16.9,16.9,17.5,16.9,16.9,17.0,17.5,17.5,17.48708186021213,17.4
agglo. de 20 à 50 000 hab.,13.2,6.8,6.7,6.7,6.7,6.8,6.8,6.8,6.8,6.8,6.4,6.4,6.4,6.4,6.4,5.8,6.2,6.2,6.2,6.2,6.2,6.100421539298341,6.3
agglo. de 50 à 100 000 hab.,},6.4,6.5,6.5,6.5,6.4,6.4,6.4,6.4,6.4,7.1,7.1,7.1,7.1,7.1,6.8,6.9,6.8,6.8,7.2,7.2,7.200163176502583,7.3
agglo. >100 000 hab.,27.8,27.8,27.8,27.8,27.8,27.8,27.8,27.8,27.7,27.7,28.5,28.5,28.5,28.5,28.5,27.8,28.1,28.0,27.8,29.6,29.6,29.499252107696496,29.7
agglo. de Paris,16.4,16.4,16.4,16.4,16.4,16.4,16.4,16.4,16.5,16.5,16.3,16.4,16.4,16.4,16.4,16.2,16.4,16.4,16.4,16.5,16.5,16.49952406853413,16.9
total,100,100.0,100.0,100.0,100.0,100.0,100.0,100.0,99.99999999999999,99.99999999999999,100.0,100.0,100.0,100.0,100.0,100.0,100.0,100.0,100.0,100.0,100.0,100.0,100.0
,,,,,,,,,,,,,,,,,,,,,,,
,,,,,,,,,,,,,,,,,,,,,,,
Taux de pénétration (%),1993,1994.0,1995.0,1996.0,1997.0,1998.0,1999.0,2000.0,2001.0,2002.0,2003.0,2004.0,2005.0,2006.0,2007.0,2008.0,2009.0,2010.0,2011.0,2012.0,2013.0,2014.0,2015.0
zones rurales,46,45.7,45.3,43.0,47.2,54.541634568247076,48.5,49.7,51.4,50.6,49.2,51.9,51.6,56.0,55.0,61.3,58.1,62.9,66.8,60.3,58.7,59.62510068096947,63.2
agglo. <20 000 hab.,49,49.3,51.9,46.7,49.8,59.301529331202914,57.0,48.5,56.3,53.0,54.3,52.2,54.6,57.4,59.3,60.1,61.9,63.3,70.2,64.4,58.4,62.150077760497666,63.5
agglo. de 20 à 50 000 hab.,54.2,57.0,51.4,50.2,55.7,61.20174007612833,54.1,56.5,62.6,60.4,63.0,63.0,59.8,59.6,57.6,61.7,63.1,62.1,59.5,55.4,65.5,67.73474505433268,63.9
agglo. de 50 à 100 000 hab.,},56.1,57.1,58.3,54.1,61.95840554592721,52.7,57.0,55.6,63.2,59.5,54.0,55.6,56.8,52.8,61.8,58.5,63.4,73.1,61.2,60.0,68.67327667610954,62.5
agglo. >100 000 hab.,62,60.3,60.2,62.5,61.3,65.39203298530292,61.9,65.1,67.6,67.1,65.1,64.9,66.4,67.1,64.5,67.7,65.1,70.3,68.8,68.4,69.8,70.36588879285507,67.7
agglo. de Paris,66.6,73.7,68.8,72.0,74.7,72.36129905277402,73.2,72.4,73.7,73.4,70.1,71.0,68.4,68.8,70.9,65.9,70.6,74.5,72.2,72.3,69.8,72.79282991655506,71.3
total,55.4,56.4,55.5,55.3,57.1,62.17575387801135,58.3,58.4,61.4,61.0,59.0,59.6,59.9,61.8,61.1,63.7,63.1,66.9,68.81201764057332,65.14595410420883,64.30328288866875,66.55221648082676,65.97306601863102
,,,,,,,,,,,,,,,,,,,,,,,
,,,,,,,,,,,,,,,,,,,,,,,
Structure du public (%),1993,1994.0,1995.0,1996.0,1997.0,1998.0,1999.0,2000.0,2001.0,2002.0,2003.0,2004.0,2005.0,2006.0,2007.0,2008.0,2009.0,2010.0,2011.0,2012.0,2013.0,2014.0,2015.0
zones rurales,21.8,21.3,21.4,20.5,21.8,23.2,22.0,22.4,22.1,20.6,20.6,21.5,21.3,22.4,22.3,24.9,23.45,24.2,25.1,21.3,21.11,20.797364253971498,21.5
agglo. <20 000 hab.,14.4,14.3,15.2,13.8,14.2,15.5,15.8,13.5,14.8,14.7,15.5,14.8,15.4,15.7,16.4,16.5,16.6,16.0,17.3,17.3,15.9,16.33038769985187,16.8
agglo. de 20 à 50 000 hab.,12.9,6.9,6.2,6.1,6.5,6.7,6.3,6.6,6.9,6.3,5.7,6.8,6.4,6.2,6.0,5.6,6.2,5.75,5.4,5.25,6.3,6.208816468304644,6.1
agglo. de 50 à 100 000 hab.,},6.3,6.7,6.9,6.2,6.4,5.8,6.2,5.8,7.4,7.2,6.4,6.6,6.5,6.1,6.6,6.4,6.4,7.2,6.75,6.7,7.42963681871584,6.9
agglo. >100 000 hab.,31.2,29.8,30.2,31.3,29.8,29.1,29.5,31.0,30.6,31.35,31.54,31.0,31.6,30.9,30.1,29.5,28.99,29.4,27.8,31.1,32.13,31.189661337283546,30.5
agglo. de Paris,19.7,21.4,20.3,21.4,21.5,19.1,20.6,20.3,19.8,19.65,19.44,19.5,18.7,18.3,19.0,16.8,18.4,18.25,17.2,18.3,17.9,18.046687439342087,18.2
total,100,100.0,100.0,100.0,100.0,100.0,100.0,100.0,100.0,100.0,99.98,100.0,100.00000000000001,99.99999999999999,99.9,99.89999999999999,100.03999999999999,100.0,100.00000000000001,100.0,100.03999999999999,100.00255401746949,100.0
,,,,,,,,,,,,,,,,,,,,,,,
,,,,,,,,,,,,,,,,,,,,,,,
Structure des entrées (%),1993,1994.0,1995.0,1996.0,1997.0,1998.0,1999.0,2000.0,2001.0,2002.0,2003.0,2004.0,2005.0,2006.0,2007.0,2008.0,2009.0,2010.0,2011.0,2012.0,2013.0,2014.0,2015.0
zones rurales,14.7,13.1,14.8,12.7,12.93297806927649,15.8,15.3,14.0,14.8,15.4,14.0,16.3,13.3,14.6,16.0,17.1,17.7,17.278,17.4,16.2,14.9,15.374649103865256,14.962865880297075
agglo. <20 000 hab.,12,10.9,11.3,11.8,11.74420987907358,11.4,11.8,11.0,12.2,12.5,12.9,10.7,11.4,13.0,13.3,14.6,13.4,11.748,11.9,13.8,13.3,11.315050744979487,14.547837483617302
agglo. de 20 à 50 000 hab.,10.9,5.2,5.5,5.5,5.349456855913097,5.4,5.3,5.3,5.0,5.6,4.3,5.1,5.6,5.5,4.0,5.5,4.4,5.53,6.0,4.45,5.1,4.750593824228028,4.827435561380516
agglo. de 50 à 100 000 hab.,},5.2,5.4,6.2,6.64070506251281,4.8,4.7,5.4,5.3,5.4,5.5,5.8,5.0,6.6,6.3,6.3,5.7,5.805,5.9,6.85,6.3,6.499676095875621,6.509392747924858
agglo. >100 000 hab.,32.3,34.4,33.9,34.3,34.41278950604632,35.7,34.7,36.8,35.2,33.7,35.2,35.4,36.4,34.7,32.8,31.6,32.14,33.524,33.84,31.9,31.4,35.435111207082706,33.22411533420708
agglo. de Paris,30.1,31.2,29.1,29.5,28.9198606271777,26.9,28.2,27.5,27.5,27.4,28.1,26.7,28.3,25.6,27.6,25.0,26.64,26.089,24.94,26.8,29.0,26.624919023968907,25.928352992573178
total,100,100.0,100.0,100.0,100.0,100.0,100.00000000000001,100.0,100.0,100.0,100.0,100.0,100.0,100.0,100.0,100.1,99.98,99.97399999999999,99.97999999999999,100.0,100.0,100.0,100.00000000000001
,,,,,,,,,,,,,,,,,,,,,,,
,,,,,,,,,,,,,,,,,,,,,,,
Nombre moyen d'entrées,1993,1994.0,1995.0,1996.0,1997.0,1998.0,1999.0,2000.0,2001.0,2002.0,2003.0,2004.0,2005.0,2006.0,2007.0,2008.0,2009.0,2010.0,2011.0,2012.0,2013.0,2014.0,2015.0
zones rurales,3.1,2.1,3.0,2.9,2.8615232196756737,3.4511408916123414,3.4,3.3,3.7,3.9102715328699875,3.6,4.5,3.3,3.5,3.689931804091513,3.5717232550855655,4.193149343487992,3.820193277518262,3.76775021240147,4.0756418758086985,3.6493517632247015,3.945418889774561,3.661806352738347
agglo. <20 000 hab.,3.8,2.6,3.3,3.9,3.9764457427693025,3.732171756335007,3.7,4.3,4.6,4.938098721254401,4.5,4.3,3.9,4.5,4.157844498246035,4.603437643574539,4.495839738792206,3.925085833785334,3.721259454303659,4.272492605864766,4.303245678728681,3.697908967102135,4.561641536563562
agglo. de 20 à 50 000 hab.,3.9,2.5,3.9,4.2,3.9385016103420467,4.080926338616686,4.1,4.2,4.0,4.624692003815069,4.0,4.4,4.6,4.8,3.399503822061035,5.096728053704777,3.947435156966082,5.133546222269129,6.06976138385432,4.520481603532531,4.152719361813106,4.083525601127949,4.154519148250816
agglo. de 50 à 100 000 hab.,},2.7,3.5,4.2,5.196523464675576,3.8071387878581007,4.0,4.5,5.1,4.528322475311066,4.1,5.3,4.0,5.5,5.265095804308616,4.971473070878282,4.956250812482203,4.812599134329809,4.429500398853561,5.424163879654246,4.822277504013937,4.668961954496946,4.942916630572135
agglo. >100 000 hab.,4.7,3.9,4.9,5.0,5.555405797054187,6.176412020181822,5.8,6.2,6.4,6.149902786044915,6.0,6.7,6.1,6.1,5.590199009661121,5.567952833214846,6.166545509330121,6.087207563856213,6.602769604422038,5.4975478704257,5.025484184023994,6.063443653908709,5.724716639585699
agglo. de Paris,7,4.9,6.3,6.4,6.492817545808941,7.129182885479078,6.8,7.1,7.7,7.673812752089267,7.8,8.1,8.0,7.6,7.436644117320516,7.765716094083611,8.075493062977051,7.654883281753204,7.860396012674573,7.838603587774858,8.326337818116574,7.873847591481449,7.45494396438833
total,4.6,3.3,4.4,4.6,4.817462226413867,5.058440185554135,4.9,5.2,5.6,5.560461065008563,5.4,5.9,5.3,5.4,5.127631296909084,5.2,5.56118253490797,5.357253684042518,5.422229101517123,5.355976963984836,5.14235731930831,5.336987740716147,5.25144739467424
"Source : CNC - Médiamétrie, enquête 75 000 Cinéma.",,,,,,,,,,,,,,,,,,,,,,,
,,,,,,,,,,,,,,,,,,,,,,,
,,,,,,,,,,,,,,,,,,,,,,,
,,,,,,,,,,,,,,,,,,,,,,,
Fréquentation cinématographique selon les habitudes de fréquentation,,,,,,,,,,,,,,,,,,,,,,,
(6 ans et plus),,,,,,,,,,,,,,,,,,,,,,,
,,,,,,,,,,,,,,,,,,,,,,,
Structure du public habitué (%),,,,,,,,,,,,,,,,,,,,,,,
,,,,,,,,,,,,,,,,,,,,,,,
,2011,2012.0,2013.0,2014.0,2015.0,,,,,,,,,,,,,,,,,,
sexe,,,,,,,,,,,,,,,,,,,,,,,
hommes,50,49.0,49.6,48.3026034660125,51.6,,,,,,,,,,,,,,,,,,
femmes,50,51.0,50.4,51.705309804542225,48.4,,,,,,,,,,,,,,,,,,
âge,,,,,,,,,,,,,,,,,,,,,,,
6-10 ans,5.2,4.4,4.8,4.035767982907336,5.5,,,,,,,,,,,,,,,,,,
11-14 ans,6.9,4.8,6.6,5.317717812772019,6.8,,,,,,,,,,,,,,,,,,
15-19 ans,11.2,14.0,12.4,13.515866107462216,12.5,,,,,,,,,,,,,,,,,,
20-24 ans,12.5,12.3,11.5,9.78871567618897,10.8,,,,,,,,,,,,,,,,,,
25-34 ans,13.3,13.1,11.7,13.7057846007755,11.7,,,,,,,,,,,,,,,,,,
35-49 ans,16.5,16.6,19.5,17.86816491255836,15.54,,,,,,,,,,,,,,,,,,
50-59 ans,11.8,12.9,11.6,12.946110627522355,12.5,,,,,,,,,,,,,,,,,,
60 ans et plus,22.6,21.8,21.8,22.82978555036797,24.64,,,,,,,,,,,,,,,,,,
profession,,,,,,,,,,,,,,,,,,,,,,,
CSP+,25,27.5,28.3,28.606473055313764,25.64,,,,,,,,,,,,,,,,,,
CSP-,20.3,19.1,17.1,18.79401756746063,16.9,,,,,,,,,,,,,,,,,,
inactifs,54.8,53.4,54.6,52.59950937722561,57.44,,,,,,,,,,,,,,,,,,
habitat,,,,,,,,,,,,,,,,,,,,,,,
zones rurales,18,15.9,13.7,14.497111656247528,17.4,,,,,,,,,,,,,,,,,,
agglo. <20 000 hab.,15.5,14.2,12.8,14.663290337896653,13.4,,,,,,,,,,,,,,,,,,
agglo. de 20 à 50 000 hab.,4.9,5.0,6.5,5.752947693281634,5.7,,,,,,,,,,,,,,,,,,
agglo. de 50 à 100 000 hab.,6.9,5.5,7.5,7.6363060853050575,6.8,,,,,,,,,,,,,,,,,,
agglo. >100 000 hab.,31.5,35.8,36.1,33.63139985756113,32.5,,,,,,,,,,,,,,,,,,
agglo. de Paris,23.2,23.5,23.5,23.826857640262723,24.2,,,,,,,,,,,,,,,,,,
"Source : CNC - Médiamétrie, enquête 75 000 Cinéma.",,,,,,,,,,,,,,,,,,,,,,,
,,,,,,,,,,,,,,,,,,,,,,,
,,,,,,,,,,,,,,,,,,,,,,,
Structure du public occasionnel (%),,,,,,,,,,,,,,,,,,,,,,,
,,,,,,,,,,,,,,,,,,,,,,,
,2011,2012.0,2013.0,2014.0,2015.0,,,,,,,,,,,,,,,,,,
sexe,,,,,,,,,,,,,,,,,,,,,,,
hommes,46.6,46.5,47.2,46.98672499622869,47.8,,,,,,,,,,,,,,,,,,
femmes,53.4,53.5,52.8,53.01327500377131,52.2,,,,,,,,,,,,,,,,,,
âge,,,,,,,,,,,,,,,,,,,,,,,
6-10 ans,9.1,10.0,10.4,9.492381958063056,10.2,,,,,,,,,,,,,,,,,,
11-14 ans,6.9,7.5,7.5,7.761351636747624,7.0,,,,,,,,,,,,,,,,,,
15-19 ans,6.7,6.2,7.1,6.6827575803288575,7.0,,,,,,,,,,,,,,,,,,
20-24 ans,6.1,5.9,6.4,6.6978428118871625,6.3,,,,,,,,,,,,,,,,,,
25-34 ans,14.1,14.3,14.5,14.907980087494344,14.7,,,,,,,,,,,,,,,,,,
35-49 ans,24.1,23.7,23.6,22.590134258560866,25.0,,,,,,,,,,,,,,,,,,
50-59 ans,11.9,12.5,12.3,11.604314376225675,11.5,,,,,,,,,,,,,,,,,,
60 ans et plus,21.1,19.9,18.2,20.263237290692413,18.3,,,,,,,,,,,,,,,,,,
profession,,,,,,,,,,,,,,,,,,,,,,,
CSP+,24.6,25.0,25.4,25.501583949313623,26.645,,,,,,,,,,,,,,,,,,
CSP-,26,25.3,26.0,24.162769648514104,25.245,,,,,,,,,,,,,,,,,,
inactifs,49.4,49.7,48.6,50.33564640217227,48.045,,,,,,,,,,,,,,,,,,
habitat,,,,,,,,,,,,,,,,,,,,,,,
zones rurales,29.2,23.8,24.6,23.8007240911148,23.6,,,,,,,,,,,,,,,,,,
agglo. <20 000 hab.,18.4,18.8,17.5,17.121737818675516,18.5,,,,,,,,,,,,,,,,,,
agglo. de 20 à 50 000 hab.,5.6,5.4,6.2,6.426308643837683,6.3,,,,,,,,,,,,,,,,,,
agglo. de 50 à 100 000 hab.,7.4,7.4,6.3,7.331422537335948,6.9,,,,,,,,,,,,,,,,,,
agglo. >100 000 hab.,25.6,28.8,30.2,30.027153416804946,29.5,,,,,,,,,,,,,,,,,,
agglo. de Paris,13.7,15.8,15.1,15.292653492231107,15.2,,,,,,,,,,,,,,,,,,
"Source : CNC - Médiamétrie, enquête 75 000 Cinéma.",,,,,,,,,,,,,,,,,,,,,,,
